2025-11-14_11-50-21,0,draft.py:2025-11-14_11-50-21
2025-11-14_11-50-36,0,draft.py:2025-11-14_11-50-21
2025-11-14_11-57-32,---,draft.py:2025-11-14_11-57-32
2025-11-14_11-57-43,0,draft.py:2025-11-14_11-57-32
2025-11-14_11-57-47,0,draft.py:2025-11-14_11-57-32
2025-11-14_11-58-17,0,draft.py:2025-11-14_11-58-17
2025-11-14_11-58-17,0,draft.py:2025-11-14_11-58-17
2025-11-14_11-58-18,0,draft.py:2025-11-14_11-58-18
2025-11-14_11-58-18,0,draft.py:2025-11-14_11-58-18
2025-11-14_11-58-18,0,draft.py:2025-11-14_11-58-18
2025-11-14_11-58-19,0,draft.py:2025-11-14_11-58-18
2025-11-14_11-58-53,0,draft.py:2025-11-14_11-58-18
2025-11-14_11-59-11,0,draft.py:2025-11-14_11-59-11
2025-11-14_17-19-16,0,draft.py:2025-11-14_17-19-16
2025-11-16_15-04-05,0,draft.py:2025-11-14_17-19-16
2025-11-16_15-21-58,0,draft.py:2025-11-16_15-21-58
2025-11-16_15-30-18,0,draft.py:2025-11-16_15-30-18
2025-11-16_15-38-30,0,draft.py:2025-11-16_15-30-18
2025-11-16_15-46-51,0,draft.py:2025-11-16_15-46-51
2025-11-16_15-49-44,0,draft.py:2025-11-16_15-49-44
2025-11-16_15-50-36,---,draft.py:2025-11-16_15-49-44
2025-11-16_15-50-43,0,draft.py:2025-11-16_15-49-44
2025-11-16_15-52-14,0,draft.py:2025-11-16_15-52-14
2025-11-16_15-52-15,0,draft.py:2025-11-16_15-52-14
2025-11-16_15-52-16,0,draft.py:2025-11-16_15-52-14
2025-11-16_15-52-16,0,draft.py:2025-11-16_15-52-14
2025-11-16_15-52-16,0,draft.py:2025-11-16_15-52-14
2025-11-16_15-52-17,0,draft.py:2025-11-16_15-52-14
2025-11-16_15-52-17,0,draft.py:2025-11-16_15-52-14
2025-11-16_15-52-17,0,draft.py:2025-11-16_15-52-14
2025-11-16_15-53-13,0,draft.py:2025-11-16_15-53-13
2025-11-16_15-53-14,0,draft.py:2025-11-16_15-53-13
2025-11-16_15-53-14,0,draft.py:2025-11-16_15-53-13
2025-11-16_15-53-15,0,draft.py:2025-11-16_15-53-13
2025-11-16_15-53-15,0,draft.py:2025-11-16_15-53-13
2025-11-16_15-53-23,0,draft.py:2025-11-16_15-53-23
2025-11-16_15-54-46,20,draft.py:2025-11-16_15-54-46
2025-11-16_15-55-56,10,draft.py:2025-11-16_15-55-56
2025-11-16_15-55-58,10,draft.py:2025-11-16_15-55-56
2025-11-16_15-56-23,50,draft.py:2025-11-16_15-56-23
2025-11-16_15-57-04,50,draft.py:2025-11-16_15-57-04
2025-11-16_15-58-29,60,draft.py:2025-11-16_15-58-29
2025-11-16_16-01-15,60,draft.py:2025-11-16_16-01-15
2025-11-16_16-02-09,60,draft.py:2025-11-16_16-02-09
2025-11-16_16-03-10,70,draft.py:2025-11-16_16-03-10
2025-11-16_16-03-31,70,draft.py:2025-11-16_16-03-10
2025-11-16_16-05-14,100,draft.py:2025-11-16_16-05-14
