2025-11-13_10-20-09,0,draft.py:2025-11-13_10-20-09
2025-11-13_10-33-17,0,draft.py:2025-11-13_10-33-17
2025-11-13_10-36-29,0,draft.py:2025-11-13_10-33-17
2025-11-13_10-43-14,7,draft.py:2025-11-13_10-43-14
2025-11-13_10-43-47,7,draft.py:2025-11-13_10-43-14
2025-11-13_10-50-38,0,draft.py:2025-11-13_10-50-38
2025-11-13_10-50-38,0,draft.py:2025-11-13_10-50-38
2025-11-13_10-50-39,0,draft.py:2025-11-13_10-50-39
2025-11-13_10-50-39,0,draft.py:2025-11-13_10-50-39
2025-11-13_10-50-39,0,draft.py:2025-11-13_10-50-39
2025-11-13_10-50-40,0,draft.py:2025-11-13_10-50-39
2025-11-13_10-51-02,14,draft.py:2025-11-13_10-51-02
2025-11-13_10-51-31,0,draft.py:2025-11-13_10-51-31
2025-11-13_10-51-32,0,draft.py:2025-11-13_10-51-31
2025-11-13_10-54-56,7,draft.py:2025-11-13_10-54-56
2025-11-13_10-55-30,7,draft.py:2025-11-13_10-55-30
2025-11-13_10-55-51,7,draft.py:2025-11-13_10-55-51
2025-11-13_10-56-12,7,draft.py:2025-11-13_10-56-12
2025-11-13_10-56-39,14,draft.py:2025-11-13_10-56-39
2025-11-13_10-57-44,35,draft.py:2025-11-13_10-57-44
2025-11-13_11-00-21,50,draft.py:2025-11-13_11-00-21
2025-11-13_11-01-47,50,draft.py:2025-11-13_11-01-47
2025-11-13_11-02-54,50,draft.py:2025-11-13_11-02-54
2025-11-13_11-03-38,57,draft.py:2025-11-13_11-03-38
2025-11-13_11-04-21,57,draft.py:2025-11-13_11-04-21
2025-11-13_11-04-45,57,draft.py:2025-11-13_11-04-21
2025-11-13_11-05-00,57,draft.py:2025-11-13_11-04-21
2025-11-13_11-05-55,57,draft.py:2025-11-13_11-04-21
2025-11-13_11-05-58,57,draft.py:2025-11-13_11-04-21
2025-11-13_11-07-12,100,draft.py:2025-11-13_11-07-12
2025-11-13_11-08-11,---,draft.py:2025-11-13_11-07-12
2025-11-13_11-08-35,100,draft.py:2025-11-13_11-07-12
2025-11-13_11-28-26,100,draft.py:2025-11-13_11-07-12
