2025-11-16_16-15-24,0,draft.py:2025-11-16_16-15-24
2025-11-18_14-04-35,0,draft.py:2025-11-18_14-04-35
2025-11-18_14-04-36,0,draft.py:2025-11-18_14-04-35
2025-11-18_14-04-38,0,draft.py:2025-11-18_14-04-35
2025-11-18_14-12-50,0,draft.py:2025-11-18_14-12-50
2025-11-18_22-33-51,0,draft.py:2025-11-18_22-33-51
2025-11-18_22-44-22,0,draft.py:2025-11-18_22-44-22
2025-11-18_22-47-19,0,draft.py:2025-11-18_22-47-19
2025-11-18_22-49-06,0,draft.py:2025-11-18_22-49-06
2025-11-18_22-49-20,0,draft.py:2025-11-18_22-49-20
2025-11-18_22-50-25,0,draft.py:2025-11-18_22-50-25
2025-11-18_22-52-52,11,draft.py:2025-11-18_22-52-52
2025-11-18_22-53-30,11,draft.py:2025-11-18_22-53-30
2025-11-19_12-28-23,---,draft.py:2025-11-19_12-28-23
2025-11-19_12-31-36,---,draft.py:2025-11-19_12-31-36
2025-11-19_12-32-57,100,draft.py:2025-11-19_12-31-36
